{"Short_Trades":17,"Sentiment":0,"Datetime":1.7647794e+09,"_wandb":{"runtime":6},"Total_Trades":55,"Final_Return":5.075142875793737,"_runtime":6,"Close_Price":286.385009765625,"_step":100,"_timestamp":1.7648994399064808e+09,"Position":0,"Sharpe_Ratio":4.614289276012956,"equity_curve_plot":{"_type":"image-file","sha256":"2762ebf3ac6af3a6ce2a5a2dc406757ddabe3ef78170e671b47abac28c78a2e0","size":147569,"path":"media/images/equity_curve_plot_100_2762ebf3ac6af3a6ce2a.png","format":"png","width":3000,"height":1500},"Max_Drawdown":-0.16904390257073917,"Win_Rate":37.5,"Long_Trades":15,"Capital":1.0507514287579374}