{"Short_Trades":27,"Datetime":"2025-12-02 20:30:00+00:00","Win_Rate":26.53061224489796,"Long_Trades":23,"Position":-1,"Final_Return":5.291372759167312,"Close_Price":286.2300109863281,"Sharpe_Ratio":5.214403522078741,"Total_Trades":70,"Sentiment":0.296,"_timestamp":1.764829255631187e+09,"Capital":1.0529137275916731,"_step":99,"_wandb":{"runtime":610},"Max_Drawdown":-0.14375249105894505,"_runtime":610}