{"Total_Trades":58,"Win_Rate":22.857142857142858,"_wandb":{"runtime":10},"_runtime":10,"Final_Return":3.55791803934582,"Short_Trades":17,"Long_Trades":19,"Sharpe_Ratio":3.8978769742065342,"_timestamp":1.764811288205327e+09,"_step":0,"Max_Drawdown":-0.3552680334533773}