Feature,Correlation with Churn
user_id,-0.036135976459253795
age,-0.06071376521189322
signup_days_ago,0.007924729462186504
sessions_last_30d,-0.6178872086108974
avg_session_duration_min,0.013293987746639634
pages_per_session,0.046822182590554734
has_premium,0.02634298041280714
monthly_spend_usd,-0.035851137388097934
support_tickets_90d,0.0007872069986417109
