{"Short_Trades":5,"_wandb":{"runtime":9},"Sentiment":0,"Long_Trades":16,"Total_Trades":40,"Sharpe_Ratio":3.060737177837067,"Position":0,"Final_Return":2.831501242471113,"Datetime":1.764945e+09,"Win_Rate":33.33333333333333,"equity_curve_plot":{"width":3000,"height":1500,"_type":"image-file","sha256":"f33291c9ea01cea8a493adc108012c9da3ed8557856513fc9b80d1be718a1f3c","size":161582,"path":"media/images/equity_curve_plot_100_f33291c9ea01cea8a493.png","format":"png"},"Capital":1.0283150124247111,"_timestamp":1.765039396368351e+09,"Max_Drawdown":-0.4360800986610733,"Close_Price":280.4551086425781,"_runtime":9,"_step":100}