{
  "model_name": "StackingEnsemble",
  "metrics": {
    "model_name": "StackingEnsemble",
    "training_time": 135.99383354187012,
    "cv_mean_rmse": 0.1271265502818983,
    "cv_std_rmse": 0.013513849698366342,
    "cv_min_rmse": 0.10984581992783342,
    "cv_max_rmse": 0.14382851053371282,
    "cv_scores": [
      0.11458989608405577,
      0.1404800947858611,
      0.12688843007802825,
      0.10984581992783342,
      0.14382851053371282
    ],
    "train_rmse": 0.055307858710361105,
    "train_mae": 0.03982398067998048,
    "train_r2": 0.9808156105365466,
    "rmse": 0.1271265502818983,
    "mae": 0.03982398067998048,
    "r2": 0.9808156105365466
  },
  "cv_folds": 5,
  "n_features": 262,
  "n_samples": 1460
}