{
  "comparison": {
    "models": {
      "XGBoost": {
        "model_name": "XGBoost",
        "training_time": 9.74210810661316,
        "cv_mean_rmse": 0.1300326644803053,
        "cv_std_rmse": 0.011747354010229678,
        "cv_min_rmse": 0.11537000452148724,
        "cv_max_rmse": 0.14864931825726949,
        "cv_scores": [
          0.12028927460777457,
          0.14864931825726949,
          0.13582011524007073,
          0.11537000452148724,
          0.1300346097749243
        ],
        "train_rmse": 0.02724406981937519,
        "train_mae": 0.019508291057422633,
        "train_r2": 0.9953450152534413,
        "rmse": 0.1300326644803053,
        "mae": 0.019508291057422633,
        "r2": 0.9953450152534413
      },
      "RandomForest": {
        "model_name": "RandomForest",
        "training_time": 2.4652395248413086,
        "cv_mean_rmse": 0.14969906884038434,
        "cv_std_rmse": 0.009999272324294128,
        "cv_min_rmse": 0.1362431964413734,
        "cv_max_rmse": 0.16240319551068827,
        "cv_scores": [
          0.1362431964413734,
          0.16240319551068827,
          0.15852274327779156,
          0.14081353484085657,
          0.15051267413121183
        ],
        "train_rmse": 0.08952575360569548,
        "train_mae": 0.057811132951396546,
        "train_r2": 0.9497344702449243,
        "rmse": 0.14969906884038434,
        "mae": 0.057811132951396546,
        "r2": 0.9497344702449243
      },
      "GradientBoosting": {
        "model_name": "GradientBoosting",
        "training_time": 24.587062120437622,
        "cv_mean_rmse": 0.12731697829017577,
        "cv_std_rmse": 0.010064274954322982,
        "cv_min_rmse": 0.1131748817202737,
        "cv_max_rmse": 0.14293252316321767,
        "cv_scores": [
          0.12192748325804849,
          0.14293252316321767,
          0.13287289319093848,
          0.1131748817202737,
          0.12567711011840046
        ],
        "train_rmse": 0.0422860521967975,
        "train_mae": 0.03232153305013021,
        "train_r2": 0.9887857927997854,
        "rmse": 0.12731697829017577,
        "mae": 0.03232153305013021,
        "r2": 0.9887857927997854
      },
      "Ridge": {
        "model_name": "Ridge",
        "training_time": 0.16530323028564453,
        "cv_mean_rmse": 0.1410275224238633,
        "cv_std_rmse": 0.025356534853440024,
        "cv_min_rmse": 0.11884251542310861,
        "cv_max_rmse": 0.18628714890739476,
        "cv_scores": [
          0.11884251542310861,
          0.1505808642033428,
          0.12974358685193088,
          0.1196834967335394,
          0.18628714890739476
        ],
        "train_rmse": 0.11422151052186505,
        "train_mae": 0.07694518608334772,
        "train_r2": 0.9181779998989502,
        "rmse": 0.1410275224238633,
        "mae": 0.07694518608334772,
        "r2": 0.9181779998989502
      },
      "Lasso": {
        "model_name": "Lasso",
        "training_time": 0.18997979164123535,
        "cv_mean_rmse": 0.1423099581674834,
        "cv_std_rmse": 0.028123383798012085,
        "cv_min_rmse": 0.11632482140814848,
        "cv_max_rmse": 0.1933253764677233,
        "cv_scores": [
          0.11632482140814848,
          0.15095773875678625,
          0.12965023930403774,
          0.1212916149007212,
          0.1933253764677233
        ],
        "train_rmse": 0.12574654316999903,
        "train_mae": 0.08282889281955673,
        "train_r2": 0.9008331763343249,
        "rmse": 0.1423099581674834,
        "mae": 0.08282889281955673,
        "r2": 0.9008331763343249
      },
      "ElasticNet": {
        "model_name": "ElasticNet",
        "training_time": 0.2333993911743164,
        "cv_mean_rmse": 0.14111974490081952,
        "cv_std_rmse": 0.026654799410266723,
        "cv_min_rmse": 0.11564438628432115,
        "cv_max_rmse": 0.1896057674923988,
        "cv_scores": [
          0.11564438628432115,
          0.14833700954174056,
          0.13067218346405118,
          0.12133937772158586,
          0.1896057674923988
        ],
        "train_rmse": 0.11910988459581098,
        "train_mae": 0.07983667599498472,
        "train_r2": 0.9110246099049281,
        "rmse": 0.14111974490081952,
        "mae": 0.07983667599498472,
        "r2": 0.9110246099049281
      },
      "VotingEnsemble": {
        "model_name": "VotingEnsemble",
        "training_time": 30.55934453010559,
        "cv_mean_rmse": 0.13011522915914525,
        "cv_std_rmse": 0.010624316102959932,
        "cv_min_rmse": 0.11765063447598982,
        "cv_max_rmse": 0.14601712913020404,
        "cv_scores": [
          0.1201738016855588,
          0.14601712913020404,
          0.1376193566353724,
          0.11765063447598982,
          0.12911522386860125
        ],
        "train_rmse": 0.04834660432123662,
        "train_mae": 0.034341655602118014,
        "train_r2": 0.9853409358396567,
        "rmse": 0.13011522915914525,
        "mae": 0.034341655602118014,
        "r2": 0.9853409358396567
      },
      "StackingEnsemble": {
        "model_name": "StackingEnsemble",
        "training_time": 135.99383354187012,
        "cv_mean_rmse": 0.1271265502818983,
        "cv_std_rmse": 0.013513849698366342,
        "cv_min_rmse": 0.10984581992783342,
        "cv_max_rmse": 0.14382851053371282,
        "cv_scores": [
          0.11458989608405577,
          0.1404800947858611,
          0.12688843007802825,
          0.10984581992783342,
          0.14382851053371282
        ],
        "train_rmse": 0.055307858710361105,
        "train_mae": 0.03982398067998048,
        "train_r2": 0.9808156105365466,
        "rmse": 0.1271265502818983,
        "mae": 0.03982398067998048,
        "r2": 0.9808156105365466
      }
    },
    "rankings": {
      "by_rmse": [
        "StackingEnsemble",
        "GradientBoosting",
        "XGBoost",
        "VotingEnsemble",
        "Ridge",
        "ElasticNet",
        "Lasso",
        "RandomForest"
      ],
      "by_mae": [
        "XGBoost",
        "GradientBoosting",
        "VotingEnsemble",
        "StackingEnsemble",
        "RandomForest",
        "Ridge",
        "ElasticNet",
        "Lasso"
      ],
      "by_r2": [
        "XGBoost",
        "GradientBoosting",
        "VotingEnsemble",
        "StackingEnsemble",
        "RandomForest",
        "Ridge",
        "ElasticNet",
        "Lasso"
      ]
    },
    "best_model": "StackingEnsemble",
    "summary": {
      "best_rmse": 0.1271265502818983,
      "worst_rmse": 0.14969906884038434,
      "rmse_improvement": 0.02257251855848605
    }
  },
  "models": {
    "XGBoost": {
      "model_name": "XGBoost",
      "training_time": 9.74210810661316,
      "cv_mean_rmse": 0.1300326644803053,
      "cv_std_rmse": 0.011747354010229678,
      "cv_min_rmse": 0.11537000452148724,
      "cv_max_rmse": 0.14864931825726949,
      "cv_scores": [
        0.12028927460777457,
        0.14864931825726949,
        0.13582011524007073,
        0.11537000452148724,
        0.1300346097749243
      ],
      "train_rmse": 0.02724406981937519,
      "train_mae": 0.019508291057422633,
      "train_r2": 0.9953450152534413,
      "rmse": 0.1300326644803053,
      "mae": 0.019508291057422633,
      "r2": 0.9953450152534413
    },
    "RandomForest": {
      "model_name": "RandomForest",
      "training_time": 2.4652395248413086,
      "cv_mean_rmse": 0.14969906884038434,
      "cv_std_rmse": 0.009999272324294128,
      "cv_min_rmse": 0.1362431964413734,
      "cv_max_rmse": 0.16240319551068827,
      "cv_scores": [
        0.1362431964413734,
        0.16240319551068827,
        0.15852274327779156,
        0.14081353484085657,
        0.15051267413121183
      ],
      "train_rmse": 0.08952575360569548,
      "train_mae": 0.057811132951396546,
      "train_r2": 0.9497344702449243,
      "rmse": 0.14969906884038434,
      "mae": 0.057811132951396546,
      "r2": 0.9497344702449243
    },
    "GradientBoosting": {
      "model_name": "GradientBoosting",
      "training_time": 24.587062120437622,