age,avg_session_duration_min,monthly_spend_usd,sessions_last_30d
18 - 30,14.458453608247423,58.4491,10.214
30 - 40,14.050952380952381,58.10714942528736,10.671264367816091
40 - 50,14.218532110091742,50.17989565217391,11.071304347826088
50 - 60,13.164305555555554,62.037340425531916,11.01276595744681
60 - 70,11.669640449438202,49.74408695652174,10.769565217391303
