country,churned
AU,0.17142857142857143
CA,0.1590909090909091
DE,0.18421052631578946
FR,0.1935483870967742
IN,0.125
UK,0.19642857142857142
US,0.1793478260869565
