gender,monthly_spend_usd,sessions_last_30d
female,12434.506,10.571428571428571
male,14362.038,10.735000000000001
other,1064.966,12.481818181818182
