subset,trained_model,pred_prob_leave_same_employee,jaccard_top10_vs_reference,roc_auc,pr_auc
Core HR subset,xgboost,0.9812402129173279,0.5384615384615384,0.7600137824101989,0.4293266059291104
No OverTime,xgboost,0.8997235894203186,0.8181818181818182,0.7178912912395554,0.36651541618083516
No Income,xgboost,0.9664024114608765,0.8181818181818182,0.8008441726246878,0.5439534302788307
