,accuracy,precision,recall,f1,roc_auc,pr_auc
xgboost,0.8571428571428571,0.6923076923076923,0.19148936170212766,0.3,0.7910242053579121,0.5140756620145737
gradient_boosting,0.8469387755102041,0.5625,0.19148936170212766,0.2857142857142857,0.801274872943406,0.47294823674731656
lightgbm,0.8605442176870748,0.7142857142857143,0.2127659574468085,0.32786885245901637,0.7709535705056421,0.4560219121959993
random_forest,0.8469387755102041,0.625,0.10638297872340426,0.18181818181818182,0.7937806873977087,0.44055816210814414
