,MAE,RMSE,MAPE
AutoKeras,108.33568962235692,146.79747549261617,0.3666533620270046
LSTM,530.151636656803,658.8518653601623,1.6742898890304252
Prophet,3175.780964359207,4106.541942163118,10.073571339331515
ARIMA,6072.529845947423,7943.722245944193,18.99498382590729
Seasonal_Naive,6668.9368880717075,8477.154549411503,21.19615641280592
Moving_Average,4916.007777905462,6637.153650454764,15.247092292263204
Naive,5164.8559871293955,7066.002239000046,15.41964587986126
