{"_step":99,"Datetime":"2025-12-02 20:30:00+00:00","Final_Return":4.950579502111485,"Position":-1,"Capital":1.0495057950211149,"_timestamp":1.764830018927922e+09,"Max_Drawdown":0,"Short_Trades":22,"Close_Price":286.2300109863281,"_runtime":180,"Total_Trades":63,"Sharpe_Ratio":4.99093546166568,"Win_Rate":28.947368421052634,"Sentiment":0.296,"_wandb":{"runtime":180},"Long_Trades":17}