{"Capital":1.0544294962590057,"_step":100,"equity_curve_plot":{"height":1500,"_type":"image-file","sha256":"dfe9269cfcc6878ec20eda2f4308b1376837383ea7a65c9201adb991cba06912","size":141084,"path":"media/images/equity_curve_plot_100_dfe9269cfcc6878ec20e.png","format":"png","width":3000},"Max_Drawdown":0,"Close_Price":286.2300109863281,"Sentiment":0.296,"_runtime":6,"Position":-1,"_timestamp":1.764831490846358e+09,"Sharpe_Ratio":5.398417598886008,"_wandb":{"runtime":6},"Win_Rate":30.952380952380953,"Long_Trades":19,"Short_Trades":24,"Final_Return":5.442949625900573,"Datetime":1.7647074e+09,"Total_Trades":66}