{"Final_Return":2.8289490365413172,"_runtime":154,"Short_Trades":19,"_timestamp":1.764810962784365e+09,"Sharpe_Ratio":3.926398375409916,"Total_Trades":59,"Long_Trades":18,"_step":0,"Win_Rate":22.22222222222222,"_wandb":{"runtime":154},"Max_Drawdown":-0.35526803345336283}