model,roc_auc,pr_auc
IsolationForest,0.9511059191273332,0.5507717055702217
LOF,0.445741671215252,0.12301753796411789
