model,roc_auc,pr_auc
RandomForest_EFS,0.9999958464622047,0.9999605590707042
XGBoost_EFS,0.999997526337491,0.9999771078191086
