model,roc_auc,pr_auc
RandomForest_EFS,0.9999958464622049,0.9999605590707042
XGBoost_EFS,0.999997526337491,0.9999771078191086
IsolationForest,0.9511059191273332,0.5507717055702217
LOF,0.445741671215252,0.1230175379641178
