{"_step":0,"Win_Rate":22.857142857142858,"Final_Return":2.939132249432852,"_runtime":121,"Short_Trades":7,"Long_Trades":29,"_wandb":{"runtime":121},"Max_Drawdown":-0.4360800986610733,"_timestamp":1.7648111332312078e+09,"Total_Trades":61,"Sharpe_Ratio":3.194577666385918}