Model,Train RMSE,Test RMSE,Train MAPE (%),Test MAPE (%)
FLAML AutoML,0.2256302126791832,0.23802024147684528,19.308947564354977,19.468050060687588
Prophet,0.29116999362204965,0.25851363442197245,27.584422703268118,22.137126113070433
Ensemble,0.24229110180024532,0.23556907018277845,21.953847325690845,19.619819218058048
