Model,Test RMSE,Test MAPE %,Test R²
FLAML (XGBoost),0.03880549284861608,3.356525977073251,0.9843044001516326
Ensemble (60-40),0.11427264791814011,9.407342112551293,0.8638943691604423
Prophet,0.25851363442197245,22.137126113070433,0.3034401823280253
ARIMA,0.33443458945910903,37.86129045986175,-0.16577272031798973
