{"_timestamp":1.7648112602601302e+09,"Total_Trades":60,"Short_Trades":18,"_runtime":18,"_wandb":{"runtime":18},"_step":0,"Long_Trades":20,"Final_Return":3.55791803934582,"Sharpe_Ratio":3.8978769742065342,"Win_Rate":21.62162162162162,"Max_Drawdown":-0.3552680334533773}