{
  "timestamp_utc": "20251217T225726Z",
  "ticker": "AAPL",
  "models_to_run": [
    "linear_regression",
    "xgboost",
    "lightgbm",
    "random_forest",
    "ma",
    "ar",
    "arima",
    "sarimax",
    "prophet"
  ],
  "results": {
    "linear_regression": {
      "val_metrics": {
        "MAE": 0.3568587244352135,
        "RMSE": 0.46425443801799576,
        "MAPE": 1.4092662333930899,
        "R2": 0.9909550824644202
      },
      "test_metrics": {
        "MAE": 3.6544652836259557,
        "RMSE": 4.800263705242143,
        "MAPE": 2.7304999826071747,
        "R2": 0.9952426078406083
      }
    },
    "xgboost": {
      "val_metrics": {
        "MAE": 2.824612990302237,
        "RMSE": 3.9360139205627123,
        "MAPE": 9.876771699924609,
        "R2": 0.34986172436900176
      },
      "test_metrics": {
        "MAE": 102.08825988651324,
        "RMSE": 123.55833106090775,
        "MAPE": 71.39071179089844,
        "R2": -2.1519754559553053
      }
    },
    "lightgbm": {
      "val_metrics": {
        "MAE": 2.782098027743676,
        "RMSE": 3.8819699122718734,
        "MAPE": 9.754779823259705,
        "R2": 0.3675927886184316
      },
      "test_metrics": {
        "MAE": 101.95266518699756,
        "RMSE": 123.45746901934767,
        "MAPE": 71.22023134903368,
        "R2": -2.146831570989236
      }
    },
    "random_forest": {
      "val_metrics": {
        "MAE": 4.105832562774816,
        "RMSE": 5.276931306394139,
        "MAPE": 14.627646247234319,
        "R2": -0.16857170110513753
      },
      "test_metrics": {
        "MAE": 103.70204408697903,
        "RMSE": 124.89504137167864,
        "MAPE": 73.32274698275695,
        "R2": -2.2205433725943085
      }
    },
    "ma": {
      "val_metrics": {
        "MAE": 22.4635051080916,
        "RMSE": 23.009961774281358,
        "MAPE": 89.86402393672375,
        "R2": -21.218988180866493
      },
      "test_metrics": {
        "MAE": 123.38470621488152,
        "RMSE": 141.66968320050628,
        "MAPE": 97.10568080786442,
        "R2": -3.143741028490375
      }
    },
    "ar": {
      "val_metrics": {
        "MAE": 10.80485885727975,
        "RMSE": 12.122921311266305,
        "MAPE": 40.35144914018506,
        "R2": -5.167470146524829
      },
      "test_metrics": {
        "MAE": 113.70320077091301,
        "RMSE": 134.28884380884455,
        "MAPE": 83.94924780410527,
        "R2": -2.7232194042058993
      }
    },
    "arima": {
      "val_metrics": {
        "MAE": 9.103770926794155,
        "RMSE": 10.282633446374943,
        "MAPE": 33.89277021110802,
        "R2": -3.4371201861869025
      },
      "test_metrics": {
        "MAE": 109.94911276378015,
        "RMSE": 130.12428516479153,
        "MAPE": 80.91374489123669,
        "R2": -2.4958716033904054
      }
    },
    "sarimax": {
      "val_metrics": {
        "MAE": 3.3917630070698666,
        "RMSE": 4.175800376300904,
        "MAPE": 12.922375610342202,
        "R2": 0.2682344806875415
      },
      "test_metrics": {
        "MAE": 65.80309875138632,
        "RMSE": 78.41426356928751,
        "MAPE": 48.04006983546043,
        "R2": -0.26948886587123067
      }
    },
    "prophet": "SKIPPED: prophet is required. Install inside Docker: pip install prophet",
    "ensemble_stacking": {
      "base_models": [
        "xgboost",
        "lightgbm",
        "random_forest",
        "linear_regression"
      ],
      "test_metrics": {
        "MAE": 3.6456353612059984,
        "RMSE": 4.874101243392477,
        "MAPE": 2.598047477835516,
        "R2": 0.9950951260388684
      }
    }
  },
  "best_by_val": {
    "model": "linear_regression",
    "metric": "RMSE",
    "value": 0.46425443801799576
  }
}