{
  "timestamp_utc": "20251212T065225Z",
  "ticker": "AAPL",
  "models_to_run": [
    "linear_regression",
    "xgboost",
    "lightgbm",
    "random_forest",
    "ma",
    "ar",
    "arima",
    "sarimax",
    "prophet"
  ],
  "results": {
    "linear_regression": {
      "val_metrics": {
        "MAE": 0.3615913911846591,
        "RMSE": 0.4697014868440983,
        "MAPE": 1.4281460269454878,
        "R2": 0.9908224732407818
      },
      "test_metrics": {
        "MAE": 3.77311623585181,
        "RMSE": 4.939415527267247,
        "MAPE": 2.8217067839577408,
        "R2": 0.9949367178677246
      }
    },
    "xgboost": {
      "val_metrics": {
        "MAE": 2.8027020979297252,
        "RMSE": 3.9131320958692157,
        "MAPE": 9.82023646308619,
        "R2": 0.3630126512302244
      },
      "test_metrics": {
        "MAE": 101.67699606889533,
        "RMSE": 123.11918340539827,
        "MAPE": 71.26017092807972,
        "R2": -2.145809755743061
      }
    },
    "lightgbm": {
      "val_metrics": {
        "MAE": 2.7663836473726686,
        "RMSE": 3.854242578530692,
        "MAPE": 9.720281551166108,
        "R2": 0.3820406905026703
      },
      "test_metrics": {
        "MAE": 101.49147875652703,
        "RMSE": 122.97370400107569,
        "MAPE": 71.03429621183969,
        "R2": -2.1383798795289564
      }
    },
    "random_forest": {
      "val_metrics": {
        "MAE": 4.085419694903066,
        "RMSE": 5.253602154381571,
        "MAPE": 14.569693199074868,
        "R2": -0.1481434493360243
      },
      "test_metrics": {
        "MAE": 103.29815888091072,
        "RMSE": 124.45210667114777,
        "MAPE": 73.23196804863407,
        "R2": -2.214293331853371
      }
    },
    "ma": {
      "val_metrics": {
        "MAE": 22.419991513679395,
        "RMSE": 22.9744637706115,
        "MAPE": 89.83695202870243,
        "R2": -20.956977500361674
      },
      "test_metrics": {
        "MAE": 122.99596424408352,
        "RMSE": 141.2439711295644,
        "MAPE": 97.0962152863367,
        "R2": -3.1401954245147063
      }
    },
    "ar": {
      "val_metrics": {
        "MAE": 9.971875156344053,
        "RMSE": 11.23726845814994,
        "MAPE": 37.208231809706476,
        "R2": -4.252950424684921
      },
      "test_metrics": {
        "MAE": 111.68490614131241,
        "RMSE": 132.0892492427987,
        "MAPE": 82.53773646125794,
        "R2": -2.620895121843516
      }
    },
    "arima": {
      "val_metrics": {
        "MAE": 9.059858830528078,
        "RMSE": 10.253994249185313,
        "MAPE": 33.743251501152386,
        "R2": -3.373890724895668
      },
      "test_metrics": {
        "MAE": 109.55753958099382,
        "RMSE": 129.69746368197116,
        "MAPE": 80.84431795421342,
        "R2": -2.4909527343622684
      }
    },
    "sarimax": {
      "val_metrics": {
        "MAE": 3.67060352876379,
        "RMSE": 4.839342882979512,
        "MAPE": 13.567263555570383,
        "R2": 0.025785524558159745
      },
      "test_metrics": {
        "MAE": 72.78470120486882,
        "RMSE": 86.28905962286682,
        "MAPE": 53.679899040223134,
        "R2": -0.5452276630227435
      }
    },
    "prophet": {
      "val_metrics": {
        "MAE": 2.966392306222494,
        "RMSE": 3.908231066067412,
        "MAPE": 11.980845745052783,
        "R2": 0.36460725058655874
      },
      "test_metrics": {
        "MAE": 83.55858591111127,
        "RMSE": 104.20599272543868,
        "MAPE": 54.98604358538801,
        "R2": -1.2535458202536458
      }
    },
    "ensemble_stacking": {
      "base_models": [
        "xgboost",
        "lightgbm",
        "random_forest",
        "linear_regression"
      ],
      "test_metrics": {
        "MAE": 3.692851114451262,
        "RMSE": 4.934046752532302,
        "MAPE": 2.6341145710561418,
        "R2": 0.9949477187028468
      }
    }
  },
  "best_by_val": {
    "model": "linear_regression",
    "metric": "RMSE",
    "value": 0.4697014868440983
  }
}