{
    "average_ctr": 0.0007308528956132633,
    "bid_to_pay_ratio": 4.606238691161844,
    "avg_spent_per_day": 30098880.0
}