{
    "average_ctr": 0.0007797686959804975,
    "bid_to_pay_ratio": 4.420583501809115,
    "avg_spent_per_day": 30098880.0
}