{
    "average_ctr": 0.0007764668082751727,
    "bid_to_pay_ratio": 4.467116384397027,
    "avg_spent_per_day": 30098880.0
}