{
    "average_ctr": 0.000840769106440003,
    "bid_to_pay_ratio": 4.341801088428895,
    "avg_spent_per_day": 30098880.0
}