{
    "average_ctr": 0.0008016395626699019,
    "bid_to_pay_ratio": 4.355363443960028,
    "avg_spent_per_day": 30098880.0
}