{
    "average_ctr": 0.0008197828803676557,
    "bid_to_pay_ratio": 4.344078230692069,
    "avg_spent_per_day": 30098880.0
}