{"Sentiment":0,"Total_Trades":61,"_step":100,"Final_Return":3.7342273487077637,"Sharpe_Ratio":3.876348428916529,"Close_Price":280.6499938964844,"Win_Rate":21.951219512195124,"_wandb":{"runtime":6},"Max_Drawdown":-0.531170906475943,"Long_Trades":18,"Short_Trades":23,"_timestamp":1.764979439469928e+09,"Datetime":1.7648802e+09,"_runtime":6,"equity_curve_plot":{"format":"png","width":3000,"height":1500,"_type":"image-file","sha256":"0eb1a779c795eded1d624a98d45091257491f2c3512617bc0eff02a1f0f4f081","size":163193,"path":"media/images/equity_curve_plot_100_0eb1a779c795eded1d62.png"},"Capital":1.0373422734870776,"Position":0}