{"_wandb":{"runtime":6},"Datetime":1.7647794e+09,"_runtime":6,"equity_curve_plot":{"_type":"image-file","sha256":"b2300ba01fd5d9545784a68f5c83bbe6980a4192b0fc1fc29658983aa919e31e","size":146187,"path":"media/images/equity_curve_plot_100_b2300ba01fd5d9545784.png","format":"png","width":3000,"height":1500},"Long_Trades":15,"Win_Rate":36.666666666666664,"Capital":1.05318583475372,"Short_Trades":15,"Sharpe_Ratio":4.584577580347399,"Max_Drawdown":-0.17903792612710656,"Position":0,"_step":100,"Total_Trades":51,"Sentiment":0,"Close_Price":286.385009765625,"Final_Return":5.318583475371996,"_timestamp":1.764887380366903e+09}