{"_timestamp":1.764606794677397e+09,"Max_Drawdown":0,"_wandb":{"runtime":323},"Long_Trades":8,"_runtime":323,"Win_Rate":26.666666666666668,"Sharpe_Ratio":4.342650781947519,"_step":0,"Final_Return":5.25454711597475,"Short_Trades":23,"Total_Trades":49}