{"Total_Trades":48,"Sentiment":0,"_timestamp":1.764977672084503e+09,"Final_Return":4.228709212232684,"Long_Trades":17,"Datetime":1.7648802e+09,"Short_Trades":11,"equity_curve_plot":{"path":"media/images/equity_curve_plot_100_a0aa78600aeabbcd1c50.png","format":"png","width":3000,"height":1500,"_type":"image-file","sha256":"a0aa78600aeabbcd1c5002faa0336c8c156ab9fd1b3be05869e8b906781ce8b4","size":154028},"_step":100,"Win_Rate":28.57142857142857,"Sharpe_Ratio":3.7784753585386777,"Close_Price":280.6499938964844,"_wandb":{"runtime":6},"Max_Drawdown":-0.6674492046391322,"Position":0,"_runtime":6,"Capital":1.0422870921223268}