{"_timestamp":1.764830574041165e+09,"Close_Price":286.2300109863281,"Capital":1.0544294962590057,"Short_Trades":24,"equity_curve_plot":{"format":"png","width":3000,"height":1500,"_type":"image-file","sha256":"dfe9269cfcc6878ec20eda2f4308b1376837383ea7a65c9201adb991cba06912","size":141084,"path":"media/images/equity_curve_plot_100_dfe9269cfcc6878ec20e.png"},"Total_Trades":68,"Position":-1,"Long_Trades":20,"Datetime":1.7647074e+09,"Sentiment":0.296,"_wandb":{"runtime":6},"Win_Rate":30.23255813953488,"Final_Return":5.442949625900573,"_runtime":6,"_step":100,"Max_Drawdown":0,"Sharpe_Ratio":5.398417598886008}